pizza_id,pizza_type_id,pizza_name,category,size,price,ingredients
bbq_ckn_s,bbq_ckn,"The Barbecue Chicken Pizza",Chicken,S,12.75,"Barbecued Chicken, Red Peppers, Green Peppers, Tomatoes, Red Onions, Barbecue Sauce"
bbq_ckn_m,bbq_ckn,"The Barbecue Chicken Pizza",Chicken,M,16.75,"Barbecued Chicken, Red Peppers, Green Peppers, Tomatoes, Red Onions, Barbecue Sauce"
bbq_ckn_l,bbq_ckn,"The Barbecue Chicken Pizza",Chicken,L,20.75,"Barbecued Chicken, Red Peppers, Green Peppers, Tomatoes, Red Onions, Barbecue Sauce"
cali_ckn_s,cali_ckn,"The California Chicken Pizza",Chicken,S,12.75,"Chicken, Artichoke, Spinach, Garlic, Jalapeno Peppers, Fontina Cheese, Gouda Cheese"
cali_ckn_m,cali_ckn,"The California Chicken Pizza",Chicken,M,16.75,"Chicken, Artichoke, Spinach, Garlic, Jalapeno Peppers, Fontina Cheese, Gouda Cheese"
cali_ckn_l,cali_ckn,"The California Chicken Pizza",Chicken,L,20.75,"Chicken, Artichoke, Spinach, Garlic, Jalapeno Peppers, Fontina Cheese, Gouda Cheese"
ckn_alfredo_s,ckn_alfredo,"The Chicken Alfredo Pizza",Chicken,S,12.75,"Chicken, Red Onions, Red Peppers, Mushrooms, Asiago Cheese, Alfredo Sauce"
ckn_alfredo_m,ckn_alfredo,"The Chicken Alfredo Pizza",Chicken,M,16.75,"Chicken, Red Onions, Red Peppers, Mushrooms, Asiago Cheese, Alfredo Sauce"
ckn_alfredo_l,ckn_alfredo,"The Chicken Alfredo Pizza",Chicken,L,20.75,"Chicken, Red Onions, Red Peppers, Mushrooms, Asiago Cheese, Alfredo Sauce"
ckn_pesto_s,ckn_pesto,"The Chicken Pesto Pizza",Chicken,S,12.75,"Chicken, Tomatoes, Red Peppers, Spinach, Garlic, Pesto Sauce"
ckn_pesto_m,ckn_pesto,"The Chicken Pesto Pizza",Chicken,M,16.75,"Chicken, Tomatoes, Red Peppers, Spinach, Garlic, Pesto Sauce"
ckn_pesto_l,ckn_pesto,"The Chicken Pesto Pizza",Chicken,L,20.75,"Chicken, Tomatoes, Red Peppers, Spinach, Garlic, Pesto Sauce"
southw_ckn_s,southw_ckn,"The Southwest Chicken Pizza",Chicken,S,12.75,"Chicken, Tomatoes, Red Peppers, Red Onions, Jalapeno Peppers, Corn, Cilantro, Chipotle Sauce"
southw_ckn_m,southw_ckn,"The Southwest Chicken Pizza",Chicken,M,16.75,"Chicken, Tomatoes, Red Peppers, Red Onions, Jalapeno Peppers, Corn, Cilantro, Chipotle Sauce"
southw_ckn_l,southw_ckn,"The Southwest Chicken Pizza",Chicken,L,20.75,"Chicken, Tomatoes, Red Peppers, Red Onions, Jalapeno Peppers, Corn, Cilantro, Chipotle Sauce"
thai_ckn_s,thai_ckn,"The Thai Chicken Pizza",Chicken,S,12.75,"Chicken, Pineapple, Tomatoes, Red Peppers, Thai Sweet Chilli Sauce"
thai_ckn_m,thai_ckn,"The Thai Chicken Pizza",Chicken,M,16.75,"Chicken, Pineapple, Tomatoes, Red Peppers, Thai Sweet Chilli Sauce"
thai_ckn_l,thai_ckn,"The Thai Chicken Pizza",Chicken,L,20.75,"Chicken, Pineapple, Tomatoes, Red Peppers, Thai Sweet Chilli Sauce"
big_meat_s,big_meat,"The Big Meat Pizza",Classic,S,12,"Bacon, Pepperoni, Italian Sausage, Chorizo Sausage"
big_meat_m,big_meat,"The Big Meat Pizza",Classic,M,16,"Bacon, Pepperoni, Italian Sausage, Chorizo Sausage"
big_meat_l,big_meat,"The Big Meat Pizza",Classic,L,20.5,"Bacon, Pepperoni, Italian Sausage, Chorizo Sausage"
classic_dlx_s,classic_dlx,"The Classic Deluxe Pizza",Classic,S,12,"Pepperoni, Mushrooms, Red Onions, Red Peppers, Bacon"
classic_dlx_m,classic_dlx,"The Classic Deluxe Pizza",Classic,M,16,"Pepperoni, Mushrooms, Red Onions, Red Peppers, Bacon"
classic_dlx_l,classic_dlx,"The Classic Deluxe Pizza",Classic,L,20.5,"Pepperoni, Mushrooms, Red Onions, Red Peppers, Bacon"
hawaiian_s,hawaiian,"The Hawaiian Pizza",Classic,S,10.5,"Sliced Ham, Pineapple, Mozzarella Cheese"
hawaiian_m,hawaiian,"The Hawaiian Pizza",Classic,M,13.25,"Sliced Ham, Pineapple, Mozzarella Cheese"
hawaiian_l,hawaiian,"The Hawaiian Pizza",Classic,L,16.5,"Sliced Ham, Pineapple, Mozzarella Cheese"
ital_cpcllo_s,ital_cpcllo,"The Italian Capocollo Pizza",Classic,S,12,"Capocollo, Red Peppers, Tomatoes, Goat Cheese, Garlic, Oregano"
ital_cpcllo_m,ital_cpcllo,"The Italian Capocollo Pizza",Classic,M,16,"Capocollo, Red Peppers, Tomatoes, Goat Cheese, Garlic, Oregano"
ital_cpcllo_l,ital_cpcllo,"The Italian Capocollo Pizza",Classic,L,20.5,"Capocollo, Red Peppers, Tomatoes, Goat Cheese, Garlic, Oregano"
napolitana_s,napolitana,"The Napolitana Pizza",Classic,S,12,"Tomatoes, Anchovies, Green Olives, Red Onions, Garlic"
napolitana_m,napolitana,"The Napolitana Pizza",Classic,M,16,"Tomatoes, Anchovies, Green Olives, Red Onions, Garlic"
napolitana_l,napolitana,"The Napolitana Pizza",Classic,L,20.5,"Tomatoes, Anchovies, Green Olives, Red Onions, Garlic"
pep_msh_pep_s,pep_msh_pep,"The Pepperoni, Mushroom, and Peppers Pizza",Classic,S,11,"Pepperoni, Mushrooms, Green Peppers"
pep_msh_pep_m,pep_msh_pep,"The Pepperoni, Mushroom, and Peppers Pizza",Classic,M,14.5,"Pepperoni, Mushrooms, Green Peppers"
pep_msh_pep_l,pep_msh_pep,"The Pepperoni, Mushroom, and Peppers Pizza",Classic,L,17.5,"Pepperoni, Mushrooms, Green Peppers"
pepperoni_s,pepperoni,"The Pepperoni Pizza",Classic,S,9.75,"Mozzarella Cheese, Pepperoni"
pepperoni_m,pepperoni,"The Pepperoni Pizza",Classic,M,12.5,"Mozzarella Cheese, Pepperoni"
pepperoni_l,pepperoni,"The Pepperoni Pizza",Classic,L,15.25,"Mozzarella Cheese, Pepperoni"
the_greek_s,the_greek,"The Greek Pizza",Classic,S,12,"Kalamata Olives, Feta Cheese, Tomatoes, Garlic, Beef Chuck Roast, Red Onions"
the_greek_m,the_greek,"The Greek Pizza",Classic,M,16,"Kalamata Olives, Feta Cheese, Tomatoes, Garlic, Beef Chuck Roast, Red Onions"
the_greek_l,the_greek,"The Greek Pizza",Classic,L,20.5,"Kalamata Olives, Feta Cheese, Tomatoes, Garlic, Beef Chuck Roast, Red Onions"
the_greek_xl,the_greek,"The Greek Pizza",Classic,XL,25.5,"Kalamata Olives, Feta Cheese, Tomatoes, Garlic, Beef Chuck Roast, Red Onions"
the_greek_xxl,the_greek,"The Greek Pizza",Classic,XXL,35.95,"Kalamata Olives, Feta Cheese, Tomatoes, Garlic, Beef Chuck Roast, Red Onions"
brie_carre_s,brie_carre,"The Brie Carre Pizza",Supreme,S,23.65,"Brie Carre Cheese, Prosciutto, Caramelized Onions, Pears, Thyme, Garlic"
calabrese_s,calabrese,"The Calabrese Pizza",Supreme,S,12.25,"‘Nduja Salami, Pancetta, Tomatoes, Red Onions, Friggitello Peppers, Garlic"
calabrese_m,calabrese,"The Calabrese Pizza",Supreme,M,16.25,"‘Nduja Salami, Pancetta, Tomatoes, Red Onions, Friggitello Peppers, Garlic"
calabrese_l,calabrese,"The Calabrese Pizza",Supreme,L,20.25,"‘Nduja Salami, Pancetta, Tomatoes, Red Onions, Friggitello Peppers, Garlic"
ital_supr_s,ital_supr,"The Italian Supreme Pizza",Supreme,S,12.5,"Calabrese Salami, Capocollo, Tomatoes, Red Onions, Green Olives, Garlic"
ital_supr_m,ital_supr,"The Italian Supreme Pizza",Supreme,M,16.5,"Calabrese Salami, Capocollo, Tomatoes, Red Onions, Green Olives, Garlic"
ital_supr_l,ital_supr,"The Italian Supreme Pizza",Supreme,L,20.75,"Calabrese Salami, Capocollo, Tomatoes, Red Onions, Green Olives, Garlic"
peppr_salami_s,peppr_salami,"The Pepper Salami Pizza",Supreme,S,12.5,"Genoa Salami, Capocollo, Pepperoni, Tomatoes, Asiago Cheese, Garlic"
peppr_salami_m,peppr_salami,"The Pepper Salami Pizza",Supreme,M,16.5,"Genoa Salami, Capocollo, Pepperoni, Tomatoes, Asiago Cheese, Garlic"
peppr_salami_l,peppr_salami,"The Pepper Salami Pizza",Supreme,L,20.75,"Genoa Salami, Capocollo, Pepperoni, Tomatoes, Asiago Cheese, Garlic"
prsc_argla_s,prsc_argla,"The Prosciutto and Arugula Pizza",Supreme,S,12.5,"Prosciutto di San Daniele, Arugula, Mozzarella Cheese"
prsc_argla_m,prsc_argla,"The Prosciutto and Arugula Pizza",Supreme,M,16.5,"Prosciutto di San Daniele, Arugula, Mozzarella Cheese"
prsc_argla_l,prsc_argla,"The Prosciutto and Arugula Pizza",Supreme,L,20.75,"Prosciutto di San Daniele, Arugula, Mozzarella Cheese"
sicilian_s,sicilian,"The Sicilian Pizza",Supreme,S,12.25,"Coarse Sicilian Salami, Tomatoes, Green Olives, Luganega Sausage, Onions, Garlic"
sicilian_m,sicilian,"The Sicilian Pizza",Supreme,M,16.25,"Coarse Sicilian Salami, Tomatoes, Green Olives, Luganega Sausage, Onions, Garlic"
sicilian_l,sicilian,"The Sicilian Pizza",Supreme,L,20.25,"Coarse Sicilian Salami, Tomatoes, Green Olives, Luganega Sausage, Onions, Garlic"
soppressata_s,soppressata,"The Soppressata Pizza",Supreme,S,12.5,"Soppressata Salami, Fontina Cheese, Mozzarella Cheese, Mushrooms, Garlic"
soppressata_m,soppressata,"The Soppressata Pizza",Supreme,M,16.5,"Soppressata Salami, Fontina Cheese, Mozzarella Cheese, Mushrooms, Garlic"
soppressata_l,soppressata,"The Soppressata Pizza",Supreme,L,20.75,"Soppressata Salami, Fontina Cheese, Mozzarella Cheese, Mushrooms, Garlic"
spicy_ital_s,spicy_ital,"The Spicy Italian Pizza",Supreme,S,12.5,"Capocollo, Tomatoes, Goat Cheese, Artichokes, Peperoncini verdi, Garlic"
spicy_ital_m,spicy_ital,"The Spicy Italian Pizza",Supreme,M,16.5,"Capocollo, Tomatoes, Goat Cheese, Artichokes, Peperoncini verdi, Garlic"
spicy_ital_l,spicy_ital,"The Spicy Italian Pizza",Supreme,L,20.75,"Capocollo, Tomatoes, Goat Cheese, Artichokes, Peperoncini verdi, Garlic"
spinach_supr_s,spinach_supr,"The Spinach Supreme Pizza",Supreme,S,12.5,"Spinach, Red Onions, Pepperoni, Tomatoes, Artichokes, Kalamata Olives, Garlic, Asiago Cheese"
spinach_supr_m,spinach_supr,"The Spinach Supreme Pizza",Supreme,M,16.5,"Spinach, Red Onions, Pepperoni, Tomatoes, Artichokes, Kalamata Olives, Garlic, Asiago Cheese"
spinach_supr_l,spinach_supr,"The Spinach Supreme Pizza",Supreme,L,20.75,"Spinach, Red Onions, Pepperoni, Tomatoes, Artichokes, Kalamata Olives, Garlic, Asiago Cheese"
five_cheese_s,five_cheese,"The Five Cheese Pizza",Veggie,S,12.5,"Mozzarella Cheese, Provolone Cheese, Smoked Gouda Cheese, Romano Cheese, Blue Cheese, Garlic"
five_cheese_m,five_cheese,"The Five Cheese Pizza",Veggie,M,15.5,"Mozzarella Cheese, Provolone Cheese, Smoked Gouda Cheese, Romano Cheese, Blue Cheese, Garlic"
five_cheese_l,five_cheese,"The Five Cheese Pizza",Veggie,L,18.5,"Mozzarella Cheese, Provolone Cheese, Smoked Gouda Cheese, Romano Cheese, Blue Cheese, Garlic"
four_cheese_s,four_cheese,"The Four Cheese Pizza",Veggie,S,11.75,"Ricotta Cheese, Gorgonzola Piccante Cheese, Mozzarella Cheese, Parmigiano Reggiano Cheese, Garlic"
four_cheese_m,four_cheese,"The Four Cheese Pizza",Veggie,M,14.75,"Ricotta Cheese, Gorgonzola Piccante Cheese, Mozzarella Cheese, Parmigiano Reggiano Cheese, Garlic"
four_cheese_l,four_cheese,"The Four Cheese Pizza",Veggie,L,17.95,"Ricotta Cheese, Gorgonzola Piccante Cheese, Mozzarella Cheese, Parmigiano Reggiano Cheese, Garlic"
green_garden_s,green_garden,"The Green Garden Pizza",Veggie,S,12,"Spinach, Mushrooms, Tomatoes, Green Olives, Feta Cheese"
green_garden_m,green_garden,"The Green Garden Pizza",Veggie,M,16,"Spinach, Mushrooms, Tomatoes, Green Olives, Feta Cheese"
green_garden_l,green_garden,"The Green Garden Pizza",Veggie,L,20.25,"Spinach, Mushrooms, Tomatoes, Green Olives, Feta Cheese"
ital_veggie_s,ital_veggie,"The Italian Vegetables Pizza",Veggie,S,12.75,"Eggplant, Artichokes, Tomatoes, Zucchini, Red Peppers, Garlic, Pesto Sauce"
ital_veggie_m,ital_veggie,"The Italian Vegetables Pizza",Veggie,M,16.75,"Eggplant, Artichokes, Tomatoes, Zucchini, Red Peppers, Garlic, Pesto Sauce"
ital_veggie_l,ital_veggie,"The Italian Vegetables Pizza",Veggie,L,21,"Eggplant, Artichokes, Tomatoes, Zucchini, Red Peppers, Garlic, Pesto Sauce"
mediterraneo_s,mediterraneo,"The Mediterranean Pizza",Veggie,S,12,"Spinach, Artichokes, Kalamata Olives, Sun-dried Tomatoes, Feta Cheese, Plum Tomatoes, Red Onions"
mediterraneo_m,mediterraneo,"The Mediterranean Pizza",Veggie,M,16,"Spinach, Artichokes, Kalamata Olives, Sun-dried Tomatoes, Feta Cheese, Plum Tomatoes, Red Onions"
mediterraneo_l,mediterraneo,"The Mediterranean Pizza",Veggie,L,20.25,"Spinach, Artichokes, Kalamata Olives, Sun-dried Tomatoes, Feta Cheese, Plum Tomatoes, Red Onions"
mexicana_s,mexicana,"The Mexicana Pizza",Veggie,S,12,"Tomatoes, Red Peppers, Jalapeno Peppers, Red Onions, Cilantro, Corn, Chipotle Sauce, Garlic"
mexicana_m,mexicana,"The Mexicana Pizza",Veggie,M,16,"Tomatoes, Red Peppers, Jalapeno Peppers, Red Onions, Cilantro, Corn, Chipotle Sauce, Garlic"
mexicana_l,mexicana,"The Mexicana Pizza",Veggie,L,20.25,"Tomatoes, Red Peppers, Jalapeno Peppers, Red Onions, Cilantro, Corn, Chipotle Sauce, Garlic"
spin_pesto_s,spin_pesto,"The Spinach Pesto Pizza",Veggie,S,12.5,"Spinach, Artichokes, Tomatoes, Sun-dried Tomatoes, Garlic, Pesto Sauce"
spin_pesto_m,spin_pesto,"The Spinach Pesto Pizza",Veggie,M,16.5,"Spinach, Artichokes, Tomatoes, Sun-dried Tomatoes, Garlic, Pesto Sauce"
spin_pesto_l,spin_pesto,"The Spinach Pesto Pizza",Veggie,L,20.75,"Spinach, Artichokes, Tomatoes, Sun-dried Tomatoes, Garlic, Pesto Sauce"
spinach_fet_s,spinach_fet,"The Spinach and Feta Pizza",Veggie,S,12,"Spinach, Mushrooms, Red Onions, Feta Cheese, Garlic"
spinach_fet_m,spinach_fet,"The Spinach and Feta Pizza",Veggie,M,16,"Spinach, Mushrooms, Red Onions, Feta Cheese, Garlic"
spinach_fet_l,spinach_fet,"The Spinach and Feta Pizza",Veggie,L,20.25,"Spinach, Mushrooms, Red Onions, Feta Cheese, Garlic"
veggie_veg_s,veggie_veg,"The Vegetables + Vegetables Pizza",Veggie,S,12,"Mushrooms, Tomatoes, Red Peppers, Green Peppers, Red Onions, Zucchini, Spinach, Garlic"
veggie_veg_m,veggie_veg,"The Vegetables + Vegetables Pizza",Veggie,M,16,"Mushrooms, Tomatoes, Red Peppers, Green Peppers, Red Onions, Zucchini, Spinach, Garlic"
veggie_veg_l,veggie_veg,"The Vegetables + Vegetables Pizza",Veggie,L,20.25,"Mushrooms, Tomatoes, Red Peppers, Green Peppers, Red Onions, Zucchini, Spinach, Garlic"
